,,,,,,,,,,,,,,,,,,,
,,,,,,,,,,,,,,,,,,,
,,,,,,,,,,,,,,,,,,,
,,,,,,,,,,,,,,,,,,,
,,,,United Nations,,,,,,,,,,,,,,,
,,,,Population Division,,,,,,,,,,,,,,,
,,,,Department of Economic and Social Affairs,,,,,,,,,,,,,,,
,,,,,,,,,,,,,,,,,,,
,,,,Workbook: UN_MigrantStockTotal_2019.xlsx,,,,,,,,,,,,,,,
,,,,"Table 4 - Female migrants as a percentage of the international migrant stock by major area, region, country or area, 1990-2019",,,,,,,,,,,,,,,
,,,,,,,,,,,,,,,,,,,
,,,,"Copyright © 2019 by United Nations, made available under a Creative Commons license CC BY 3.0 IGO: http://creativecommons.org/licenses/by/3.0/igo/",,,,,,,,,,,,,,,
,,,,"Suggested citation: United Nations, Department of Economic and Social Affairs. Population Division (2019). International Migrant Stock 2019 (United Nations database, POP/DB/MIG/Stock/Rev.2019).",,,,,,,,,,,,,,,
,,,,,,,,,,,,,,,,,,,
"Sort
order","Major area, region, country or area of destination",Notes,Code,Type of data (a),Female migrants as a percentage of the international migrant stock,,,,,,,,,,,,,,
,,,,,1990,1995,2000,2005,2010,2015,2019,,,,,,,,
1,WORLD,,900,,49.2,49.4,49.3,48.9,48.3,48.2,47.9,,,,,,,,
2,UN development groups,,,,..,..,..,..,..,..,..,,,,,,,,
3,More developed regions,b,901,,51.2,51.2,51.1,51.1,51.5,51.8,51.5,,,,,,,,
4,Less developed regions,c,902,,47.0,46.9,46.5,45.6,43.8,43.6,43.4,,,,,,,,
5,Least developed countries,d,941,,49.8,50.1,50.0,49.3,50.3,50.2,50.4,,,,,,,,
6,"Less developed regions, excluding least developed countries",,934,,46.5,46.2,46.0,45.0,43.0,42.6,42.3,,,,,,,,
7,World Bank income groups,,,,..,..,..,..,..,..,..,,,,,,,,
8,High-income countries,e,1503,,48.6,48.9,49.1,48.7,48.0,48.0,47.6,,,,,,,,
9,Middle-income countries,e,1517,,49.9,49.9,49.5,49.2,48.7,48.3,48.2,,,,,,,,
10,Upper-middle-income countries,e,1502,,49.3,49.3,48.9,48.8,48.2,47.6,47.4,,,,,,,,
11,Lower-middle-income countries,e,1501,,50.5,50.5,50.2,49.6,49.5,49.6,49.6,,,,,,,,
12,Low-income countries,e,1500,,50.1,50.6,50.4,49.8,50.7,50.8,50.9,,,,,,,,
13,No income group available,,1518,,48.6,49.6,50.6,51.5,52.1,52.7,52.6,,,,,,,,
14,Geographic regions,,,,..,..,..,..,..,..,..,,,,,,,,
15,Africa,,903,,47.2,47.3,46.9,45.7,46.4,46.7,47.0,,,,,,,,
16,Asia,,935,,46.6,46.4,46.2,45.2,42.6,42.1,41.5,,,,,,,,
17,Europe,,908,,51.4,51.6,51.6,51.6,51.7,52.1,51.4,,,,,,,,
18,Latin America and the Caribbean,,904,,49.8,50.0,50.1,50.3,50.3,50.0,49.9,,,,,,,,
19,Northern America,,905,,51.1,50.8,50.5,50.3,51.1,51.5,51.8,,,,,,,,
20,Oceania,,909,,48.9,49.5,50.1,50.4,50.3,50.4,50.4,,,,,,,,
21,Sustainable Development Goal (SDG) regions,f,,,..,..,..,..,..,..,..,,,,,,,,
22,SUB-SAHARAN AFRICA,,947,,46.9,47.4,47.2,46.4,47.1,47.4,47.5,,,,,,,,
23,Eastern Africa,,910,,48.5,48.5,48.8,46.8,49.3,49.6,49.9,,,,,,,,
24,Burundi,,108,B R,51.0,51.3,51.4,50.9,50.8,50.7,50.7,,,,,,,,
25,Comoros,,174,B,52.3,52.6,52.8,52.4,52.0,51.6,51.6,,,,,,,,
26,Djibouti,,262,B R,47.4,47.4,47.3,44.3,47.5,47.4,47.4,,,,,,,,
27,Eritrea,,232,I,47.4,47.2,47.1,46.0,45.1,44.6,44.6,,,,,,,,
28,Ethiopia,,231,B R,47.4,47.4,47.3,47.5,47.6,49.1,49.1,,,,,,,,
29,Kenya,,404,B R,45.9,47.9,50.1,48.2,50.5,50.0,50.0,,,,,,,,
30,Madagascar,,450,C,44.2,43.8,43.6,43.4,43.2,43.0,43.0,,,,,,,,
31,Malawi,,454,B R,51.5,51.9,52.1,52.2,52.3,52.4,52.4,,,,,,,,
32,Mauritius,1,480,C,51.2,56.9,63.3,54.5,46.9,44.6,44.6,,,,,,,,
33,Mayotte,,175,B,42.3,44.2,48.2,50.4,52.6,53.7,53.7,,,,,,,,
34,Mozambique,,508,B R,46.0,45.8,47.3,51.7,51.7,51.7,51.7,,,,,,,,
35,Réunion,,638,B,46.3,47.2,48.1,48.6,49.0,49.3,49.3,,,,,,,,
36,Rwanda,,646,B R,49.5,49.1,49.4,49.6,49.9,50.2,50.0,,,,,,,,
37,Seychelles,,690,B,40.8,41.3,41.6,35.3,31.7,30.0,30.0,,,,,,,,
38,Somalia,,706,I R,48.9,47.3,47.1,46.6,47.6,47.3,47.9,,,,,,,,
39,South Sudan,,728,B R,..,..,..,..,48.5,48.9,49.0,,,,,,,,
40,Uganda,,800,B R,47.9,49.2,50.2,50.8,50.9,51.1,51.8,,,,,,,,
41,United Republic of Tanzania,2,834,B R,50.6,50.5,49.3,36.9,50.1,50.4,50.6,,,,,,,,
42,Zambia,,894,B R,48.8,48.7,49.1,49.1,49.4,49.5,49.4,,,,,,,,
43,Zimbabwe,,716,B R,43.9,43.0,43.0,43.0,43.0,43.7,43.2,,,,,,,,
44,Middle Africa,,911,,49.0,49.1,48.4,48.8,49.0,47.5,47.1,,,,,,,,
45,Angola,,24,B R,45.9,47.9,49.3,50.7,51.7,51.8,49.0,,,,,,,,
46,Cameroon,,120,B,45.2,45.3,45.4,45.0,44.6,50.6,50.5,,,,,,,,
47,Central African Republic,,140,C,46.9,46.9,46.9,46.8,46.8,47.1,47.0,,,,,,,,
48,Chad,,148,B R,46.0,46.1,46.1,54.6,55.2,53.8,53.9,,,,,,,,
49,Congo,,178,B,50.3,50.0,49.9,45.6,45.6,45.2,45.2,,,,,,,,
50,Democratic Republic of the Congo,,180,B R,51.9,50.4,51.0,51.5,51.7,51.4,51.9,,,,,,,,
51,Equatorial Guinea,,226,C,46.5,46.8,47.0,45.9,45.3,22.9,22.9,,,,,,,,
52,Gabon,,266,C,42.9,42.9,42.6,42.2,41.4,35.6,35.7,,,,,,,,
53,Sao Tome and Principe,,678,C,47.1,48.4,49.3,49.7,49.9,50.0,50.1,,,,,,,,
54,Southern Africa,,913,,39.7,40.2,41.2,42.5,42.5,44.4,44.4,,,,,,,,
55,Botswana,,72,B,39.6,41.5,41.5,41.9,43.1,43.1,43.1,,,,,,,,
56,Eswatini,,748,B R,46.8,46.8,47.4,48.0,48.6,48.6,48.7,,,,,,,,
57,Lesotho,,426,C R,47.6,46.9,45.9,45.9,45.9,45.9,45.9,,,,,,,,
58,Namibia,,516,B,47.2,46.9,46.0,46.3,46.3,46.1,46.1,,,,,,,,
59,South Africa,,710,B R,38.4,39.1,40.3,42.1,42.2,44.4,44.4,,,,,,,,
60,Western Africa,,914,,46.5,47.1,46.9,46.4,46.4,46.9,46.9,,,,,,,,
61,Benin,,204,C B R,47.3,46.7,46.4,51.4,53.6,53.0,52.9,,,,,,,,
62,Burkina Faso,,854,B R,52.0,51.9,51.8,52.2,52.4,52.4,52.4,,,,,,,,
63,Cabo Verde,,132,B,50.4,49.0,47.8,48.6,49.3,49.4,49.4,,,,,,,,
64,Côte d'Ivoire,,384,C B,44.3,44.6,44.6,44.6,44.6,44.6,44.6,,,,,,,,
65,Gambia,,270,B,43.9,45.6,46.8,47.1,47.2,47.3,47.3,,,,,,,,
66,Ghana,,288,B,49.6,49.6,49.2,48.5,46.7,46.7,46.6,,,,,,,,
67,Guinea,,324,C B R,50.1,50.1,50.2,51.3,47.8,41.4,41.4,,,,,,,,
68,Guinea-Bissau,,624,B R,50.0,50.5,50.3,50.3,51.1,51.5,51.7,,,,,,,,
69,Liberia,,430,B,43.2,46.5,45.9,41.3,42.6,43.0,43.0,,,,,,,,
70,Mali,,466,B R,49.0,48.4,48.4,48.5,49.3,49.3,49.3,,,,,,,,
71,Mauritania,,478,C R,48.4,47.5,45.7,43.9,42.6,43.5,43.5,,,,,,,,
72,Niger,,562,B R,52.2,52.2,52.4,52.5,52.5,52.6,52.6,,,,,,,,
73,Nigeria,,566,C R,43.9,44.3,44.6,41.8,41.8,45.1,45.1,,,,,,,,
74,Saint Helena,3,654,C,38.2,40.2,43.5,47.9,45.2,33.4,30.3,,,,,,,,
75,Senegal,,686,B R,48.7,48.8,47.6,47.6,46.9,46.9,47.0,,,,,,,,
76,Sierra Leone,,694,B R,44.7,43.2,44.7,47.5,45.0,43.8,43.5,,,,,,,,
77,Togo,,768,C R,49.4,50.1,49.9,49.4,49.4,49.7,49.4,,,,,,,,
78,NORTHERN AFRICA AND WESTERN ASIA,,1833,,42.4,41.6,40.7,38.3,35.1,35.5,35.5,,,,,,,,
79,Northern Africa,,912,,48.8,46.9,44.4,40.2,40.8,40.5,43.3,,,,,,,,
80,Algeria,,12,B R,45.2,45.2,45.2,45.2,47.1,47.2,47.2,,,,,,,,
81,Egypt,,818,B R,47.1,47.0,46.8,42.0,43.8,41.3,46.2,,,,,,,,
82,Libya,,434,C,46.9,40.8,35.0,28.7,28.4,28.8,28.8,,,,,,,,
83,Morocco,,504,C,47.1,47.8,48.6,49.3,49.6,49.8,49.8,,,,,,,,
84,Sudan,4,729,B R,50.4,50.1,49.7,49.1,49.2,49.7,50.4,,,,,,,,
85,Tunisia,,788,C,50.2,49.7,49.1,48.6,48.5,48.3,48.2,,,,,,,,
86,Western Sahara,,732,I,45.5,44.8,44.1,42.8,41.9,40.9,40.9,,,,,,,,
87,Western Asia,,922,,41.4,40.9,40.3,38.2,34.8,35.3,35.0,,,,,,,,
88,Armenia,,51,B R,58.9,58.9,58.9,59.2,59.4,59.5,59.0,,,,,,,,
89,Azerbaijan,5,31,B R,56.2,56.5,56.9,55.2,53.2,52.1,52.1,,,,,,,,
90,Bahrain,,48,C,29.1,30.0,30.9,28.6,27.7,27.7,27.7,,,,,,,,
91,Cyprus,6,196,B,53.3,55.4,56.6,57.0,56.3,56.2,55.6,,,,,,,,
92,Georgia,7,268,B,56.2,56.2,56.2,56.2,56.2,56.2,56.2,,,,,,,,
93,Iraq,,368,C R,33.3,42.4,42.8,39.1,37.8,41.8,41.8,,,,,,,,
94,Israel,,376,B R,52.8,53.7,53.9,54.1,54.4,54.6,54.6,,,,,,,,
95,Jordan,,400,C R,48.8,48.9,49.0,49.1,49.2,49.6,49.6,,,,,,,,
96,Kuwait,,414,C R,39.0,35.8,32.5,31.1,30.0,33.6,33.6,,,,,,,,
97,Lebanon,,422,B R,48.8,48.9,49.0,48.4,47.9,51.9,51.9,,,,,,,,
98,Oman,,512,C,20.2,22.6,21.7,20.8,19.3,16.4,16.4,,,,,,,,
99,Qatar,,634,C,27.1,25.4,23.8,22.8,17.2,16.1,17.2,,,,,,,,
100,Saudi Arabia,,682,C R,33.5,33.3,33.2,31.3,29.6,30.7,31.4,,,,,,,,
101,State of Palestine,8,275,B,54.2,54.5,54.7,55.1,55.6,55.7,55.7,,,,,,,,
102,Syrian Arab Republic,,760,C R,49.0,49.1,48.7,48.7,48.9,48.9,48.8,,,,,,,,
103,Turkey,,792,B R,50.4,51.2,51.9,53.1,54.2,45.0,44.6,,,,,,,,
104,United Arab Emirates,,784,C R,28.7,28.2,28.2,27.2,25.3,26.3,26.3,,,,,,,,
105,Yemen,,887,CR,43.6,43.0,44.5,42.5,45.9,47.5,47.5,,,,,,,,
106,CENTRAL AND SOUTHERN ASIA,,921,,49.0,49.5,49.1,49.5,49.0,49.3,49.4,,,,,,,,
107,Central Asia,,5500,,55.2,55.0,55.2,53.9,52.7,51.9,51.8,,,,,,,,
108,Kazakhstan,,398,B,54.0,54.0,53.9,52.5,51.3,50.4,50.4,,,,,,,,
109,Kyrgyzstan,,417,B,58.2,58.2,58.2,58.6,59.2,59.6,59.6,,,,,,,,
110,Tajikistan,,762,B,56.2,56.4,56.0,56.7,56.5,56.9,56.9,,,,,,,,
111,Turkmenistan,,795,B,56.2,51.7,53.1,52.5,54.2,53.4,52.7,,,,,,,,
112,Uzbekistan,,860,B,56.2,56.5,56.9,55.7,54.2,53.4,53.4,,,,,,,,
113,Southern Asia,,5501,,46.9,47.3,47.0,47.9,47.6,48.4,48.5,,,,,,,,
114,Afghanistan,,4,B,43.6,45.3,43.6,43.6,43.6,49.3,49.9,,,,,,,,
115,Bangladesh,,50,B R,46.0,46.1,46.2,46.8,47.2,47.1,48.6,,,,,,,,
116,Bhutan,,64,B,18.5,18.5,18.5,18.7,18.9,15.1,15.1,,,,,,,,
117,India,,356,B R,47.8,48.1,48.5,48.6,48.7,48.8,48.8,,,,,,,,
118,Iran (Islamic Republic of),,364,B R,42.8,41.9,40.7,45.1,43.1,47.0,47.0,,,,,,,,
119,Maldives,,462,C,45.0,50.1,45.0,39.9,23.7,12.3,12.3,,,,,,,,
120,Nepal,,524,B R,70.7,68.5,66.3,65.4,67.2,69.3,69.7,,,,,,,,
121,Pakistan,,586,B R,47.4,46.8,46.2,46.1,47.4,47.4,47.4,,,,,,,,
122,Sri Lanka,,144,B R,43.6,44.4,45.3,46.1,46.9,47.8,47.8,,,,,,,,
123,EASTERN AND SOUTH-EASTERN ASIA,,1832,,48.7,49.7,50.8,50.4,50.0,49.6,49.3,,,,,,,,
124,Eastern Asia,,906,,49.6,51.0,52.7,52.8,52.8,52.5,52.4,,,,,,,,
125,China,9,156,C,49.0,49.6,50.0,44.0,40.5,38.6,38.6,,,,,,,,
126,"China, Hong Kong SAR",10,344,B,49.3,51.9,54.1,56.4,58.7,60.5,61.1,,,,,,,,
127,"China, Macao SAR",11,446,B,53.0,53.9,54.6,53.3,54.0,53.6,53.6,,,,,,,,
128,Dem. People's Republic of Korea,,408,I,49.0,50.0,51.0,50.7,50.5,50.2,50.2,,,,,,,,
129,Japan,,392,C,49.9,50.1,52.7,53.7,54.4,53.0,51.7,,,,,,,,
130,Mongolia,,496,C,49.1,46.7,44.4,34.0,26.0,33.2,33.2,,,,,,,,
131,Republic of Korea,,410,C,43.7,42.9,41.4,41.5,42.9,43.9,43.9,,,,,,,,
132,South-Eastern Asia,,920,,47.5,48.2,48.9,48.2,47.8,47.3,46.8,,,,,,,,
133,Brunei Darussalam,,96,B,42.8,43.6,44.1,43.9,43.6,43.4,43.4,,,,,,,,
134,Cambodia,,116,B,50.3,50.8,51.0,49.6,47.1,46.1,46.1,,,,,,,,
135,Indonesia,,360,B R,50.6,49.4,47.6,42.8,42.7,41.8,41.8,,,,,,,,
136,Lao People's Democratic Republic,,418,C R,48.4,48.1,47.3,46.3,38.9,35.6,35.6,,,,,,,,
137,Malaysia,12,458,C R,41.7,42.9,43.8,40.9,39.2,39.2,38.9,,,,,,,,
138,Myanmar,,104,C,45.9,45.9,46.8,46.4,45.6,45.2,45.2,,,,,,,,
139,Philippines,,608,C R,47.2,48.1,49.1,48.3,48.3,48.2,48.2,,,,,,,,
140,Singapore,,702,B,52.4,54.0,55.5,55.6,55.8,55.9,55.9,,,,,,,,
141,Thailand,,764,B R,46.4,47.4,48.5,49.8,49.6,49.8,49.8,,,,,,,,
142,Timor-Leste,,626,B,50.3,51.1,51.9,50.6,49.4,39.6,39.6,,,,,,,,
143,Viet Nam,,704,C R,45.8,45.0,42.2,39.9,41.8,42.1,42.1,,,,,,,,
144,LATIN AMERICA AND THE CARIBBEAN,,1830,,49.8,50.0,50.1,50.3,50.3,50.0,49.9,,,,,,,,
145,Caribbean,,915,,48.0,48.4,48.7,48.8,48.9,46.6,46.5,,,,,,,,
146,Anguilla,,660,B,51.1,52.2,53.0,52.8,52.7,52.6,52.6,,,,,,,,
147,Antigua and Barbuda,,28,B,52.0,54.2,55.3,55.3,55.4,55.4,55.4,,,,,,,,
148,Aruba,,533,B,55.5,55.2,55.1,55.3,55.4,55.4,55.4,,,,,,,,
149,Bahamas,,44,B,48.5,47.5,46.7,48.1,49.1,49.4,49.4,,,,,,,,
150,Barbados,,52,B,58.1,57.2,56.4,55.7,55.1,55.1,55.1,,,,,,,,
151,British Virgin Islands,,92,B,48.6,49.9,50.7,50.7,50.7,50.7,50.7,,,,,,,,
152,"Bonaire, Sint Eustatius and Saba",13,535,B,55.1,55.4,55.7,55.0,51.7,51.6,51.6,,,,,,,,
153,Cayman Islands,,136,C,50.8,50.0,49.6,49.2,48.8,48.8,48.8,,,,,,,,
154,Cuba,,192,B,50.0,52.0,56.0,56.0,56.3,56.8,57.1,,,,,,,,
155,Curaçao,,531,B,..,..,..,..,59.0,58.9,58.9,,,,,,,,
156,Dominica,,212,B,48.0,48.0,47.5,47.5,48.2,47.9,47.9,,,,,,,,
157,Dominican Republic,,214,B,37.6,38.5,39.3,39.3,39.4,35.7,35.7,,,,,,,,
158,Grenada,,308,B,50.6,50.5,50.4,50.4,50.4,50.4,50.4,,,,,,,,
159,Guadeloupe,14,312,B,50.4,51.4,52.2,53.7,55.0,55.5,55.5,,,,,,,,
160,Haiti,,332,B,44.4,44.4,44.4,44.4,44.4,44.4,44.4,,,,,,,,
161,Jamaica,,388,B,51.3,50.5,49.9,49.6,49.2,49.2,49.2,,,,,,,,
162,Martinique,,474,B,50.7,52.2,53.3,54.6,55.8,56.3,56.3,,,,,,,,
163,Montserrat,,500,B,48.9,48.8,48.6,48.6,48.6,48.5,48.4,,,,,,,,
164,Puerto Rico,,630,B,52.4,52.5,52.5,52.6,53.1,53.3,53.5,,,,,,,,
165,Saint Kitts and Nevis,,659,B,48.8,48.3,47.7,47.6,47.5,47.4,47.4,,,,,,,,
166,Saint Lucia,,662,B,50.7,50.2,49.8,50.8,51.6,51.8,52.0,,,,,,,,
167,Saint Vincent and the Grenadines,,670,B,51.4,51.4,51.3,50.5,49.6,49.2,48.9,,,,,,,,
168,Sint Maarten (Dutch part),,534,B,..,..,..,52.0,52.0,52.1,52.1,,,,,,,,
169,Trinidad and Tobago,,780,B,53.6,53.7,53.8,53.9,52.0,51.1,50.9,,,,,,,,
170,Turks and Caicos Islands,,796,B,48.2,48.2,48.3,48.3,48.3,48.3,48.3,,,,,,,,
171,United States Virgin Islands,,850,B,52.2,52.5,52.8,52.8,52.9,52.9,52.9,,,,,,,,
172,Central America,,916,,50.6,50.5,49.9,50.1,50.0,50.3,50.3,,,,,,,,
173,Belize,,84,B R ,46.1,47.6,48.9,49.2,49.4,49.7,49.7,,,,,,,,
174,Costa Rica,,188,B R,49.2,49.4,49.6,50.8,51.7,52.0,51.7,,,,,,,,
175,El Salvador,,222,B R,53.1,53.0,53.0,52.7,52.5,52.4,52.4,,,,,,,,
176,Guatemala,,320,B R,57.4,57.2,55.9,54.5,53.4,52.6,52.6,,,,,,,,
177,Honduras,,340,B R,49.1,49.1,48.8,48.2,47.6,47.5,47.5,,,,,,,,
178,Mexico,,484,B R,49.9,49.9,49.7,49.5,49.4,49.9,49.9,,,,,,,,
179,Nicaragua,,558,B R,49.6,49.8,49.2,49.1,48.8,48.5,48.5,,,,,,,,
180,Panama,,591,B,47.2,48.1,49.1,49.1,48.6,48.7,49.0,,,,,,,,
181,South America,,931,,49.9,50.3,50.6,50.8,50.8,50.7,50.5,,,,,,,,
182,Argentina,,32,B,52.2,52.8,53.4,53.7,53.9,54.0,54.0,,,,,,,,
183,Bolivia (Plurinational State of),,68,B,49.1,48.8,48.6,48.0,47.6,47.6,47.6,,,,,,,,
184,Brazil,,76,B,46.6,46.6,46.5,46.3,46.0,46.0,46.0,,,,,,,,
185,Chile,,152,B,49.3,51.1,52.2,52.4,52.6,52.9,52.9,,,,,,,,
186,Colombia,,170,B,49.1,48.9,48.7,48.2,47.2,46.7,49.6,,,,,,,,
187,Ecuador,,218,B R,51.0,49.7,49.0,48.7,48.4,48.3,48.3,,,,,,,,
188,Falkland Islands (Malvinas),15,238,B,42.9,41.2,40.4,42.1,43.8,44.4,44.4,,,,,,,,
189,French Guiana,,254,B,45.2,47.4,49.3,50.6,51.6,52.5,52.5,,,,,,,,
190,Guyana,,328,B,46.3,46.4,46.4,46.5,46.5,46.5,46.5,,,,,,,,
191,Paraguay,,600,B,47.5,47.5,47.9,47.9,48.0,48.0,48.0,,,,,,,,
192,Peru,,604,B,49.9,50.5,50.5,50.0,46.4,41.1,45.8,,,,,,,,
193,Suriname,,740,C,46.0,45.8,45.7,45.5,45.5,45.4,45.3,,,,,,,,
194,Uruguay,,858,B,53.3,53.5,53.8,54.3,54.7,54.8,54.6,,,,,,,,
195,Venezuela (Bolivarian Republic of),,862,B,49.5,49.7,49.8,50.0,49.8,49.9,50.1,,,,,,,,
196,OCEANIA,,909,,48.9,49.5,50.1,50.4,50.3,50.4,50.4,,,,,,,,
197,Australia / New Zealand,,927,,49.2,49.8,50.3,50.6,50.5,50.5,50.6,,,,,,,,
198,Australia,16,36,B,49.1,49.6,50.1,50.4,50.3,50.3,50.4,,,,,,,,
199,New Zealand,,554,B,50.2,50.9,51.4,51.5,51.5,51.6,51.6,,,,,,,,
200,Melanesia,,928,,44.4,44.1,44.4,44.6,44.4,45.2,45.3,,,,,,,,
201,Fiji,,242,B,48.5,48.3,48.1,47.2,46.5,46.0,46.0,,,,,,,,
202,New Caledonia,,540,B,44.6,45.2,45.8,46.0,46.2,47.5,47.6,,,,,,,,
203,Papua New Guinea,,598,C R,42.6,40.8,39.7,40.5,39.3,39.5,39.3,,,,,,,,
204,Solomon Islands,,90,B,44.4,44.3,44.1,44.1,44.0,43.9,43.9,,,,,,,,
205,Vanuatu,,548,B,45.0,47.4,49.7,50.1,50.3,50.3,50.3,,,,,,,,
206,Micronesia,,954,,44.2,46.9,50.1,50.3,49.6,49.4,49.5,,,,,,,,
207,Guam,,316,B,43.6,46.0,48.3,48.4,48.4,48.4,48.4,,,,,,,,
208,Kiribati,,296,B,48.8,48.8,48.0,47.2,47.3,47.3,47.3,,,,,,,,
209,Marshall Islands,,584,B,37.7,38.1,38.4,38.6,38.7,38.8,38.7,,,,,,,,
210,Micronesia (Fed. States of),,583,B,43.0,36.6,44.8,46.1,46.4,46.6,46.5,,,,,,,,
211,Nauru,,520,C,46.5,46.4,46.4,46.4,44.8,43.3,43.0,,,,,,,,
212,Northern Mariana Islands,,580,B,46.4,51.1,56.7,57.4,57.7,58.0,58.0,,,,,,,,
213,Palau,,585,B,35.7,40.9,38.1,40.1,41.5,39.3,43.2,,,,,,,,
214,Polynesia,17,957,,44.2,44.7,45.3,45.9,46.1,46.2,46.1,,,,,,,,
215,American Samoa,,16,B,47.5,47.9,48.2,48.4,48.6,49.0,49.0,,,,,,,,
216,Cook Islands,,184,B,44.2,44.3,44.3,47.4,49.7,49.9,49.9,,,,,,,,
217,French Polynesia,,258,B,40.2,41.2,42.0,43.0,43.0,43.0,43.0,,,,,,,,
218,Niue,,570,B,46.9,46.5,46.2,46.0,45.8,45.7,45.7,,,,,,,,
219,Samoa,,882,B,47.2,47.8,48.3,48.8,49.4,49.5,49.5,,,,,,,,
220,Tokelau,,772,B,44.4,44.7,45.0,48.4,52.0,52.2,52.0,,,,,,,,
221,Tonga,,776,B,48.9,47.5,46.2,46.0,45.7,45.4,45.4,,,,,,,,
222,Tuvalu,,798,C,43.4,43.7,44.5,45.0,45.0,45.2,45.0,,,,,,,,
223,Wallis and Futuna Islands,,876,B,48.2,48.8,49.5,49.5,49.5,49.5,49.5,,,,,,,,
224,EUROPE AND NORTHERN AMERICA,,1829,,51.3,51.3,51.2,51.1,51.5,51.8,51.5,,,,,,,,
225,EUROPE,,917,,51.4,51.6,51.6,51.6,51.7,52.1,51.4,,,,,,,,
226,Eastern Europe,,923,,53.6,53.1,52.6,52.6,52.7,52.6,52.4,,,,,,,,
227,Belarus,,112,B,54.2,54.2,54.2,54.2,54.2,54.2,54.2,,,,,,,,
228,Bulgaria,,100,B,57.9,57.9,57.9,56.5,55.6,51.5,50.9,,,,,,,,
229,Czechia,,203,C,48.0,46.7,46.0,43.7,40.7,42.6,42.8,,,,,,,,
230,Hungary,,348,B R,55.1,54.3,53.5,52.5,51.9,50.4,50.4,,,,,,,,
231,Poland,,616,B,57.2,58.1,59.0,58.9,59.2,58.1,55.8,,,,,,,,
232,Republic of Moldova,18,498,B,56.3,57.7,59.2,60.3,59.7,59.1,59.1,,,,,,,,
233,Romania,,642,B,57.6,55.2,53.0,51.7,50.5,47.8,46.2,,,,,,,,
234,Russian Federation,,643,B,50.9,50.3,49.7,50.2,50.7,50.9,50.9,,,,,,,,
235,Slovakia,,703,B,56.0,56.0,56.0,55.0,54.3,49.9,48.9,,,,,,,,
236,Ukraine,19,804,B,57.2,57.2,57.1,57.1,57.0,57.0,57.0,,,,,,,,
237,Northern Europe,,924,,52.2,52.7,53.0,52.4,51.7,51.8,51.5,,,,,,,,
238,Channel Islands,20,830,B,53.0,53.0,53.0,52.6,52.3,52.2,52.2,,,,,,,,
239,Denmark,,208,B,51.4,51.4,51.5,51.6,51.7,51.1,50.6,,,,,,,,
240,Estonia,,233,B,55.1,56.8,59.6,59.7,59.8,58.9,57.6,,,,,,,,
241,Faroe Islands,,234,B,43.1,45.7,46.5,46.5,47.0,49.3,49.1,,,,,,,,
242,Finland,21,246,B,49.9,50.3,50.5,49.8,49.6,49.4,48.8,,,,,,,,
243,Iceland,,352,B,55.7,55.0,54.7,51.3,49.8,51.2,47.4,,,,,,,,
244,Ireland,,372,B,50.8,52.4,50.7,47.4,50.7,50.4,50.3,,,,,,,,
245,Isle of Man,,833,B,52.9,52.4,52.0,51.3,50.8,51.2,51.2,,,,,,,,
246,Latvia,,428,B,55.0,56.5,58.7,58.9,60.3,60.8,60.6,,,,,,,,
247,Lithuania,,440,B,52.9,53.0,53.1,53.2,56.7,57.7,57.9,,,,,,,,
248,Norway,22,578,B,48.3,49.8,50.5,51.1,49.0,47.8,48.0,,,,,,,,
249,Sweden,,752,B,51.4,51.8,52.2,52.2,51.4,50.6,49.7,,,,,,,,
250,United Kingdom,,826,B,51.9,52.4,52.9,52.4,51.5,52.2,52.0,,,,,,,,
251,Southern Europe,,925,,52.5,52.5,52.0,51.3,51.4,53.0,53.1,,,,,,,,
252,Albania,,8,B,53.7,53.4,53.1,49.0,49.0,49.0,49.0,,,,,,,,
253,Andorra,,20,C,46.0,46.6,47.6,47.4,47.6,49.2,48.8,,,,,,,,
254,Bosnia and Herzegovina,,70,I R,52.6,52.3,52.2,52.5,52.3,52.3,52.4,,,,,,,,
255,Croatia,,191,B R,53.2,53.2,53.0,53.1,53.2,53.6,53.7,,,,,,,,
256,Gibraltar,,292,B,48.0,49.9,52.0,50.9,50.1,49.5,49.5,,,,,,,,
257,Greece,,300,B,46.6,48.1,49.6,50.6,51.5,54.1,53.8,,,,,,,,
258,Holy See,23,336,I,51.0,51.4,51.7,52.3,52.8,53.2,53.3,,,,,,,,
259,Italy,,380,B,55.0,54.4,54.0,54.0,54.0,54.6,53.6,,,,,,,,
260,Malta,,470,B,53.5,52.8,52.2,51.6,48.1,46.2,45.9,,,,,,,,
261,Montenegro,,499,B,..,..,..,..,59.7,60.7,60.6,,,,,,,,
262,North Macedonia,,807,B,58.3,58.3,58.3,58.3,58.3,58.3,58.3,,,,,,,,
263,Portugal,,620,B,51.8,51.3,50.8,51.1,51.3,53.9,53.6,,,,,,,,
264,San Marino,,674,C,47.8,47.0,46.2,45.4,43.4,44.8,46.7,,,,,,,,
265,Serbia,24,688,B,52.9,55.2,55.2,55.2,55.9,56.0,56.0,,,,,,,,
266,Slovenia,,705,B,49.7,48.3,46.5,46.3,44.3,43.4,43.7,,,,,,,,
267,Spain,25,724,B,52.5,51.1,49.4,47.9,48.4,51.0,52.3,,,,,,,,
268,Western Europe,,926,,47.8,49.1,50.1,50.6,51.2,51.2,49.7,,,,,,,,
269,Austria,,40,B,53.6,52.7,52.0,52.2,52.3,52.0,50.9,,,,,,,,
270,Belgium,,56,B,48.9,49.4,49.8,50.3,51.7,51.2,50.6,,,,,,,,
271,France,,250,B,49.1,50.0,50.7,51.0,51.4,51.7,51.8,,,,,,,,
272,Germany,,276,B,44.5,47.8,49.9,50.3,50.6,50.7,47.6,,,,,,,,
273,Liechtenstein,,438,B,45.4,46.9,48.5,50.1,51.4,51.2,51.3,,,,,,,,
274,Luxembourg,,442,B,50.7,50.6,50.4,50.2,50.1,49.3,49.0,,,,,,,,
275,Monaco,,492,B,53.5,52.7,52.0,51.6,51.1,51.5,51.5,,,,,,,,
276,Netherlands,,528,B,49.9,50.4,50.8,51.4,51.9,52.3,51.7,,,,,,,,
277,Switzerland,,756,B,49.6,48.0,46.4,48.9,51.6,51.0,50.8,,,,,,,,
278,NORTHERN AMERICA,,918,,51.1,50.8,50.5,50.3,51.1,51.5,51.8,,,,,,,,
279,Bermuda,,60,B,51.8,51.8,51.7,51.5,51.3,51.2,51.2,,,,,,,,
280,Canada,,124,B,51.3,51.6,51.8,52.0,52.1,52.4,52.4,,,,,,,,
281,Greenland,,304,B,30.3,31.5,30.1,32.0,32.4,34.2,34.2,,,,,,,,
282,Saint Pierre and Miquelon,,666,B,49.0,48.3,48.1,48.0,47.8,47.7,47.6,,,,,,,,
283,United States of America,,840,B,51.1,50.7,50.3,50.0,50.9,51.3,51.7,,,,,,,,
,,,,,,,,,,,,,,,,,,,