,,,,,,,,,,,,,,,,,,,,,,,,
,,,,,,,,,,,,,,,,,,,,,,,,
,,,,,,,,,,,,,,,,,,,,,,,,
,,,,,,,,,,,,,,,,,,,,,,,,
,,,,United Nations,,,,,,,,,,,,,,,,,,,,
,,,,Population Division,,,,,,,,,,,,,,,,,,,,
,,,,Department of Economic and Social Affairs,,,,,,,,,,,,,,,,,,,,
,,,,,,,,,,,,,,,,,,,,,,,,
,,,,Workbook: UN_MigrantStockTotal_2019.xlsx,,,,,,,,,,,,,,,,,,,,
,,,,"Table 6 - Estimated refugee stock (including asylum seekers) at mid-year by major area, region, country or area, 1990-2019",,,,,,,,,,,,,,,,,,,,
,,,,,,,,,,,,,,,,,,,,,,,,
,,,,"Copyright © 2019 by United Nations, made available under a Creative Commons license CC BY 3.0 IGO: http://creativecommons.org/licenses/by/3.0/igo/",,,,,,,,,,,,,,,,,,,,
,,,,"Suggested citation: United Nations, Department of Economic and Social Affairs. Population Division (2019). International Migrant Stock 2019 (United Nations database, POP/DB/MIG/Stock/Rev.2019).",,,,,,,,,,,,,,,,,,,,
,,,,,,,,,,,,,,,,,,,,,,,,
"Sort
order","Major area, region, country or area of destination",Notes,Code,Type of data (a),Estimated refugee stock (including asylum seekers) at mid-year (both sexes),,,,,,,Refugees and asylum seekers as a percentage of the international migrant stock,,,,,,,Annual rate of change of the refugee stock (including asylum seekers),,,,,
,,,,,1990,1995,2000,2005,2010,2015,2019,1990,1995,2000,2005,2010,2015,2019,1990-1995,1995-2000,2000-2005,2005-2010,2010-2015,2015-2019
1,WORLD,,900,,"18,977,581","18,142,316","16,503,717","13,757,766","15,880,355","24,651,000","28,711,526",12.4,11.2,9.5,7.2,7.2,9.9,10.6,-0.9,-1.9,-3.6,2.9,8.8,3.8
2,UN development groups,,,,..,..,..,..,..,..,..,..,..,..,..,..,..,..,..,..,..,..,..,..
3,More developed regions,b,901,,"2,042,750","3,880,290","3,572,526","2,632,565","2,207,096","3,601,314","4,813,580",2.5,4.2,3.4,2.3,1.7,2.6,3.2,12.8,-1.7,-6.1,-3.5,9.8,7.3
4,Less developed regions,c,902,,"16,934,831","14,262,026","12,931,191","11,125,201","13,673,259","21,049,686","23,897,946",24.1,20.9,18.6,14.8,15.2,19.5,20.0,-3.4,-2.0,-3.0,4.1,8.6,3.2
5,Least developed countries,d,941,,"5,048,975","5,165,247","3,098,899","2,362,353","2,044,868","4,493,016","6,949,378",45.6,44.2,30.8,24.0,19.6,33.0,42.7,0.5,-10.2,-5.4,-2.9,15.7,10.9
6,"Less developed regions, excluding least developed countries",,934,,"11,885,856","9,096,779","9,832,292","8,762,848","11,628,391","16,556,670","16,948,568",20.1,16.0,16.5,13.5,14.6,17.5,16.4,-5.3,1.6,-2.3,5.7,7.1,0.6
7,World Bank income groups,,,,..,..,..,..,..,..,..,..,..,..,..,..,..,..,..,..,..,..,..,..
8,High-income countries,e,1503,,"2,127,921","3,213,250","3,021,424","2,717,541","2,141,811","3,299,001","4,734,790",2.7,3.6,2.9,2.3,1.5,2.1,2.7,8.2,-1.2,-2.1,-4.8,8.6,9.0
9,Middle-income countries,e,1517,,"12,615,251","10,285,011","10,700,261","8,665,149","10,718,934","16,988,481","18,498,707",19.4,16.8,17.5,14.1,16.2,22.3,22.5,-4.1,0.8,-4.2,4.3,9.2,2.1
10,Upper-middle-income countries,e,1502,,"6,347,793","5,911,636","5,619,443","4,630,073","5,295,219","11,118,899","11,347,870",19.1,17.6,16.2,12.6,13.2,22.4,20.9,-1.4,-1.0,-3.9,2.7,14.8,0.5
11,Lower-middle-income countries,e,1501,,"6,267,458","4,373,375","5,080,818","4,035,076","5,423,715","5,869,582","7,150,837",19.7,15.9,19.2,16.2,21.1,22.2,25.6,-7.2,3.0,-4.6,5.9,1.6,4.9
12,Low-income countries,e,1500,,"4,227,808","4,640,754","2,782,032","2,375,076","3,019,596","4,363,518","5,478,028",43.2,43.9,31.0,26.5,30.1,36.8,41.9,1.9,-10.2,-3.2,4.8,7.4,5.7
13,No income group available,e,1518,,"6,601","3,301",0,0,14,0,1,2.2,0.9,0.0,0.0,0.0,0.0,0.0,-13.9,..,..,..,..,..
14,Geographic regions,,,,..,..,..,..,..,..,..,..,..,..,..,..,..,..,..,..,..,..,..,..
15,Africa,,903,,"5,697,283","5,952,996","3,698,535","2,941,924","2,726,187","6,186,607","7,299,284",36.3,36.4,24.6,18.4,15.3,26.4,27.5,0.9,-9.5,-4.6,-1.5,16.4,4.1
16,Asia,,935,,"10,038,834","7,952,442","9,185,166","8,121,643","10,545,376","14,453,065","16,013,658",20.8,17.1,18.6,15.2,16.0,18.7,19.2,-4.7,2.9,-2.5,5.2,6.3,2.6
17,Europe,,908,,"1,323,376","3,016,710","2,472,899","1,862,341","1,750,314","2,820,482","3,595,669",2.7,5.6,4.3,2.9,2.5,3.8,4.4,16.5,-4.0,-5.7,-1.2,9.5,6.1
18,Latin America and the Caribbean,,904,,"1,197,274","352,309","44,176","53,436","394,300","415,459","607,263",16.7,5.3,0.7,0.7,4.8,4.4,5.2,-24.5,-41.5,3.8,40.0,1.0,9.5
19,Northern America,,905,,"610,144","775,419","1,019,706","696,254","426,384","714,900","1,086,344",2.2,2.3,2.5,1.5,0.8,1.3,1.9,4.8,5.5,-7.6,-9.8,10.3,10.5
20,Oceania,,909,,"110,670","92,440","83,235","82,168","37,794","60,487","109,308",2.3,1.8,1.6,1.4,0.5,0.7,1.2,-3.6,-2.1,-0.3,-15.5,9.4,14.8
21,Sustainable Development Goal (SDG) regions,f,,,..,..,..,..,..,..,..,..,..,..,..,..,..,..,..,..,..,..,..,..
22,SUB-SAHARAN AFRICA,,947,,"4,494,798","5,076,802","3,080,836","2,583,693","2,329,503","5,469,929","5,932,280",33.8,35.6,23.4,18.2,14.7,25.6,25.2,2.4,-10.0,-3.5,-2.1,17.1,2.0
23,Eastern Africa,,910,,"3,177,187","2,028,623","1,696,779","1,438,330","1,080,283","2,638,662","3,829,905",53.3,40.8,35.0,30.2,22.7,39.3,48.4,-9.0,-3.6,-3.3,-5.7,17.9,9.3
24,Burundi,,108,B R,"267,929","173,017","27,136","20,681","29,365","47,805","65,911",80.4,67.9,21.6,12.0,12.5,16.5,20.5,-8.7,-37.1,-5.4,7.0,9.7,8.0
25,Comoros,,174,B,0,5,10,5,0,0,0,0.0,0.0,0.1,0.0,0.0,0.0,0.0,..,13.9,-13.9,..,..,..
26,Djibouti,,262,B R,"54,508","27,310","23,257","10,456","15,104","22,006","26,895",44.6,27.4,23.1,11.4,14.9,19.6,23.3,-13.8,-3.2,-16.0,7.4,7.5,5.0
27,Eritrea,,232,I,0,"1,083","1,984","4,418","4,809","2,550","2,392",0.0,8.7,15.3,30.9,30.7,16.0,14.9,..,12.1,16.0,1.7,-12.7,-1.6
28,Ethiopia,,231,B R,"741,965","393,479","197,959","100,817","155,323","738,217","891,990",64.2,48.8,32.4,19.6,27.3,63.5,71.2,-12.7,-13.7,-13.5,8.6,31.2,4.7
29,Kenya,,404,B R,"14,249","234,665","214,819","267,731","430,871","593,881","488,368",4.8,37.9,30.3,34.6,45.1,52.7,46.7,56.0,-1.8,4.4,9.5,6.4,-4.9
30,Madagascar,,450,C,0,0,50,0,0,22,86,0.0,0.0,0.2,0.0,0.0,0.1,0.2,..,..,..,..,..,34.1
31,Malawi,,454,B R,"874,614","1,018","3,900","4,240","5,740","23,489","34,973",77.6,0.4,1.7,1.9,2.6,10.1,14.1,-135.1,26.9,1.7,6.1,28.2,10.0
32,Mauritius,1,480,C,0,0,0,0,0,0,0,0.0,0.0,0.0,0.0,0.0,0.0,0.0,..,..,..,..,..,..
33,Mayotte,,175,B,0,0,0,0,0,0,0,0.0,0.0,0.0,0.0,0.0,0.0,0.0,..,..,..,..,..,..
34,Mozambique,,508,B R,420,128,207,"1,954","9,991","20,447","23,651",0.3,0.1,0.1,0.7,3.3,6.4,7.1,-23.8,9.6,44.9,32.6,14.3,3.6
35,Réunion,,638,B,0,0,0,0,0,0,0,0.0,0.0,0.0,0.0,0.0,0.0,0.0,..,..,..,..,..,..
36,Rwanda,,646,B R,"23,601","7,792","30,118","49,507","55,688","145,151","171,414",14.7,3.6,8.7,11.7,13.0,28.2,31.7,-22.2,27.0,9.9,2.4,19.2,4.2
37,Seychelles,,690,B,0,0,0,0,0,0,0,0.0,0.0,0.0,0.0,0.0,0.0,0.0,..,..,..,..,..,..
38,Somalia,,706,I R,"460,000",626,568,493,"26,048","18,201","29,231",96.2,3.2,2.8,2.4,54.1,44.4,56.1,-132.0,-1.9,-2.8,79.3,-7.2,11.8
39,South Sudan,,728,B R,..,..,..,..,"27,173","263,865","285,295",..,..,..,..,10.5,31.3,33.0,..,..,..,..,45.5,2.0
40,Uganda,,800,B R,"145,718","229,350","239,095","259,065","156,605","512,966","1,395,115",26.8,37.8,40.9,43.7,31.8,60.3,80.4,9.1,0.8,1.6,-10.1,23.7,25.0
41,United Republic of Tanzania,2,834,B R,"265,184","829,671","702,282","549,131","110,533","213,995","352,700",46.2,75.0,74.0,71.2,35.7,55.6,69.3,22.8,-3.3,-4.9,-32.1,13.2,12.5
42,Zambia,,894,B R,"138,049","129,965","251,199","155,864","48,182","28,858","45,936",49.4,53.2,73.1,61.6,32.1,21.8,27.0,-1.2,13.2,-9.5,-23.5,-10.3,11.6
43,Zimbabwe,,716,B R,"190,950",514,"4,195","13,968","4,851","7,209","15,948",30.1,0.1,1.0,3.5,1.2,1.8,3.9,-118.4,42.0,24.1,-21.2,7.9,19.9
44,Middle Africa,,911,,"447,234","1,545,096","608,840","659,946","809,445","1,224,909","1,431,395",30.6,58.0,34.3,33.7,33.3,35.1,37.8,24.8,-18.6,1.6,4.1,8.3,3.9
45,Angola,,24,B R,"12,000","11,404","12,579","13,867","15,155","45,698","71,270",35.8,28.6,27.3,22.6,4.6,7.2,10.6,-1.0,2.0,1.9,1.8,22.1,11.1
46,Cameroon,,120,B,"49,876","45,781","45,313","58,808","106,658","348,346","343,120",18.8,18.7,19.9,22.1,36.6,68.5,67.9,-1.7,-0.2,5.2,11.9,23.7,-0.4
47,Central African Republic,,140,C,"3,389","33,856","55,661","24,569","21,574","7,694","10,611",5.0,34.0,45.1,26.0,23.1,9.4,11.7,46.0,9.9,-16.4,-2.6,-20.6,8.0
48,Chad,,148,B R,0,100,"17,692","275,412","347,939","372,438","412,100",0.0,0.1,16.9,78.2,83.5,79.8,80.5,..,103.5,54.9,4.7,1.4,2.5
49,Congo,,178,B,"2,990","19,404","124,068","69,561","138,636","49,297","55,576",2.3,10.1,40.6,21.8,32.6,12.6,13.8,37.4,37.1,-11.6,13.8,-20.7,3.0
50,Democratic Republic of the Congo,,180,B R,"378,562","1,433,760","332,509","204,341","166,336","398,552","537,893",50.2,78.9,44.7,32.8,28.2,48.3,55.8,26.6,-29.2,-9.7,-4.1,17.5,7.5
51,Equatorial Guinea,,226,C,0,0,0,0,0,0,0,0.0,0.0,0.0,0.0,0.0,0.0,0.0,..,..,..,..,..,..
52,Gabon,,266,C,417,791,"21,018","13,388","13,147","2,884",825,0.3,0.5,9.8,5.7,4.9,0.8,0.2,12.8,65.6,-9.0,-0.4,-30.3,-31.3
53,Sao Tome and Principe,,678,C,0,0,0,0,0,0,0,0.0,0.0,0.0,0.0,0.0,0.0,0.0,..,..,..,..,..,..
54,Southern Africa,,913,,"135,525","105,184","62,850","180,315","242,021","1,224,036","287,959",9.7,8.8,5.0,11.4,10.3,30.1,6.4,-5.1,-10.3,21.1,5.9,32.4,-36.2
55,Botswana,,72,B,"1,220",266,"3,551","3,109","2,986","2,480","2,480",4.4,0.7,4.7,3.7,3.2,2.4,2.2,-30.5,51.8,-2.7,-0.8,-3.7,0.0
56,Eswatini,,748,B R,"42,074",712,690,"1,016",759,964,"1,309",56.1,2.0,2.0,3.0,2.3,3.0,4.1,-81.6,-0.6,7.7,-5.8,4.8,7.6
57,Lesotho,,426,C R,"2,231","1,116",1,1,0,35,87,27.1,15.5,0.0,0.0,0.0,0.5,1.3,-13.9,-140.4,0.0,..,..,22.8
58,Namibia,,516,B,0,"1,682","28,407","6,380","8,675","2,849","4,056",0.0,1.5,21.0,5.9,8.4,2.8,3.8,..,56.5,-29.9,6.1,-22.3,8.8
59,South Africa,,710,B R,"90,000","101,408","30,201","169,809","229,601","1,217,708","280,027",7.7,10.1,3.0,12.6,10.9,31.9,6.6,2.4,-24.2,34.5,6.0,33.4,-36.7
60,Western Africa,,914,,"734,852","1,397,899","712,367","305,102","197,754","382,322","383,021",16.4,25.7,13.5,5.2,3.1,5.4,5.2,12.9,-13.5,-17.0,-8.7,13.2,0.0
61,Benin,,204,C B R,657,"2,317","3,977","5,558","7,139",708,"1,328",0.9,2.2,3.0,2.5,2.3,0.2,0.3,25.2,10.8,6.7,5.0,-46.2,15.7
62,Burkina Faso,,854,B R,350,"29,777","1,010","1,295","1,065","34,160","24,190",0.1,6.4,0.2,0.2,0.2,4.8,3.4,88.9,-67.7,5.0,-3.9,69.4,-8.6
63,Cabo Verde,,132,B,0,0,0,0,0,0,0,0.0,0.0,0.0,0.0,0.0,0.0,0.0,..,..,..,..,..,..
64,Côte d'Ivoire,,384,C B,"136,381","297,908","120,691","41,627","26,218","2,842","2,842",7.5,14.3,5.6,1.8,1.1,0.1,0.1,15.6,-18.1,-21.3,-9.2,-44.4,0.0
65,Gambia,,270,B,39,"6,599","12,016","7,998","8,378","7,854","8,044",0.0,4.4,6.6,4.4,4.5,4.1,3.7,102.6,12.0,-8.1,0.9,-1.3,0.6
66,Ghana,,288,B,"4,102","83,200","12,991","53,537","13,828","19,265","13,469",2.5,32.9,6.8,17.6,4.1,4.6,2.9,60.2,-37.1,28.3,-27.1,6.6,-8.9
67,Guinea,,324,C B R,"325,000","672,298","427,206","63,525","14,113","8,766","5,259",80.5,86.8,76.3,27.7,7.9,6.9,4.4,14.5,-9.1,-38.1,-30.1,-9.5,-12.8
68,Guinea-Bissau,,624,B R,"3,004","15,350","7,587","7,616","7,679","8,807","11,221",19.5,54.9,37.1,36.7,36.5,39.4,41.7,32.6,-14.1,0.1,0.2,2.7,6.1
69,Liberia,,430,B,125,"120,080","69,315","10,168","24,735","38,188","11,533",0.1,57.6,45.6,11.7,25.0,33.6,12.2,137.4,-11.0,-38.4,17.8,8.7,-29.9
70,Mali,,466,B R,"13,411","17,916","8,412","11,233","13,558","16,257","17,953",8.3,10.2,4.4,4.4,4.0,3.9,3.8,5.8,-15.1,5.8,3.8,3.6,2.5
71,Mauritania,,478,C R,"60,000","34,394",350,632,"26,717","77,891","78,183",53.7,38.4,0.6,1.1,31.6,46.8,45.2,-11.1,-91.8,11.8,74.9,21.4,0.1
72,Niger,,562,B R,792,"27,622",58,301,314,"124,827","165,990",0.7,18.9,0.0,0.2,0.2,49.3,56.4,71.0,-123.3,32.9,0.8,119.7,7.1
73,Nigeria,,566,C R,"3,571","8,118","7,270","9,019","8,747","1,781","10,535",0.8,1.8,1.5,0.9,0.9,0.1,0.8,16.4,-2.2,4.3,-0.6,-31.8,44.4
74,Saint Helena,3,654,C,0,0,0,0,0,0,0,0.0,0.0,0.0,0.0,0.0,0.0,0.0,..,..,..,..,..,..
75,Senegal,,686,B R,"58,113","66,769","22,715","23,341","22,849","17,511","17,989",21.5,23.2,9.8,9.8,8.9,6.6,6.5,2.8,-21.6,0.5,-0.4,-5.3,0.7
76,Sierra Leone,,694,B R,"125,830","4,675","6,546","59,965","8,363",760,678,56.6,4.7,6.7,41.1,10.6,1.3,1.2,-65.9,6.7,44.3,-39.4,-48.0,-2.9
77,Togo,,768,C R,"3,477","10,876","12,223","9,287","14,051","22,705","13,807",4.1,10.7,8.9,4.6,5.5,8.2,4.9,22.8,2.3,-5.5,8.3,9.6,-12.4
78,NORTHERN AFRICA AND WESTERN ASIA,,1833,,"3,769,356","4,649,756","4,913,157","5,495,969","6,945,517","11,105,589","13,116,213",21.4,24.6,24.2,23.6,21.3,26.4,27.0,4.2,1.1,2.2,4.7,9.4,4.2
79,Northern Africa,,912,,"1,202,485","876,194","617,699","358,231","396,684","716,678","1,367,004",50.0,42.1,32.5,20.5,20.4,33.5,46.2,-6.3,-7.0,-10.9,2.0,11.8,16.1
80,Algeria,,12,B R,"169,107","192,489","167,453","94,101","94,144","100,775","100,567",61.7,73.5,67.0,47.7,43.4,42.1,40.4,2.6,-2.8,-11.5,0.0,1.4,-0.1
81,Egypt,,818,B R,"1,991","5,407","18,019","99,951","109,359","250,671","289,150",1.1,3.2,9.8,35.1,35.3,70.9,57.4,20.0,24.1,34.3,1.8,16.6,3.6
82,Libya,,434,C,0,"3,973","11,543","12,166","7,923","36,784","44,982",0.0,0.8,2.0,1.9,1.2,4.8,5.5,..,21.3,1.1,-8.6,30.7,5.0
83,Morocco,,504,C,307,55,"2,105",219,792,"5,473","6,779",0.6,0.1,4.0,0.4,1.1,5.9,6.9,-34.4,72.9,-45.3,25.7,38.7,5.4
84,Sudan,4,729,B R,"1,031,050","674,071","418,131","151,681","184,354","322,220","924,789",73.5,64.0,51.9,27.8,29.8,51.9,75.6,-8.5,-9.6,-20.3,3.9,11.2,26.4
85,Tunisia,,788,C,30,199,448,113,112,755,737,0.1,0.5,1.2,0.3,0.3,1.3,1.3,37.8,16.2,-27.5,-0.2,38.2,-0.6
86,Western Sahara,,732,I,0,0,0,0,0,0,0,0.0,0.0,0.0,0.0,0.0,0.0,0.0,..,..,..,..,..,..
87,Western Asia,,922,,"2,566,871","3,773,562","4,295,458","5,137,738","6,548,833","10,388,911","11,749,209",16.9,22.4,23.3,23.9,21.4,26.0,25.7,7.7,2.6,3.6,4.9,9.2,3.1
88,Armenia,,51,B R,..,"218,950","280,591","219,550","3,319","19,385","18,022",..,31.5,42.6,46.8,1.6,10.1,9.5,..,5.0,-4.9,-83.8,35.3,-1.8
89,Azerbaijan,5,31,B R,..,"233,682","54,663","3,505","1,908","1,380","1,244",..,67.9,16.7,1.2,0.7,0.5,0.5,..,-29.1,-54.9,-12.2,-6.5,-2.6
90,Bahrain,,48,C,"1,780",891,1,83,165,360,356,1.0,0.4,0.0,0.0,0.0,0.1,0.0,-13.8,-135.8,88.4,13.7,15.6,-0.3
91,Cyprus,6,196,B,17,57,97,701,"3,394","15,327","16,165",0.0,0.1,0.1,0.6,1.8,8.0,8.4,24.2,10.6,39.6,31.5,30.2,1.3
92,Georgia,7,268,B,..,"3,200","6,400","3,520",639,"2,712","2,569",..,2.1,8.4,4.9,0.9,3.5,3.3,..,13.9,-12.0,-34.1,28.9,-1.4
93,Iraq,,368,C R,900,"116,722","127,787","50,177","34,651","285,150","290,673",1.1,58.5,60.7,37.8,29.5,79.3,79.0,97.3,1.8,-18.7,-7.4,42.2,0.5
94,Israel,,376,B R,0,"1,051","2,102","1,548","25,471","44,623","55,208",0.0,0.1,0.1,0.1,1.3,2.2,2.8,..,13.9,-6.1,56.0,11.2,5.3
95,Jordan,,400,C R,"929,482","1,250,358","1,571,234","1,972,086","2,372,937","2,751,479","2,928,724",81.1,81.3,81.5,84.8,87.1,88.4,87.5,5.9,4.6,4.5,3.7,3.0,1.6
96,Kuwait,,414,C R,"30,000","3,306","2,776","1,523",184,"1,641","1,695",2.8,0.4,0.2,0.1,0.0,0.1,0.1,-44.1,-3.5,-12.0,-42.3,43.8,0.8
97,Lebanon,,422,B R,"305,499","342,697","379,894","421,239","462,584","1,592,607","1,558,615",58.3,56.3,54.8,55.7,56.4,80.7,83.6,2.3,2.1,2.1,1.9,24.7,-0.5
98,Oman,,512,C,0,0,0,7,78,435,701,0.0,0.0,0.0,0.0,0.0,0.0,0.0,..,..,..,48.2,34.4,11.9
99,Qatar,,634,C,0,0,35,74,67,238,272,0.0,0.0,0.0,0.0,0.0,0.0,0.0,..,..,15.0,-2.0,25.4,3.3
100,Saudi Arabia,,682,C R,"33,261","13,169","5,480","240,913",669,157,210,0.7,0.3,0.1,3.7,0.0,0.0,0.0,-18.5,-17.5,75.7,-117.7,-29.0,7.3
101,State of Palestine,8,275,B,"910,637","1,159,134","1,407,631","1,681,550","1,955,469","2,051,096","2,214,783",..,..,..,..,..,..,..,4.8,3.9,3.6,3.0,1.0,1.9
102,Syrian Arab Republic,,760,C R,"282,794","363,644","390,811","455,945","1,483,993","590,438","589,358",39.6,43.8,46.8,51.9,83.0,67.8,67.9,5.0,1.4,3.1,23.6,-18.4,-0.0
103,Turkey,,792,B R,"30,534","12,841","3,103","2,399","10,032","2,753,760","3,787,207",2.6,1.1,0.2,0.2,0.7,63.4,64.4,-17.3,-28.4,-5.1,28.6,112.3,8.0
104,United Arab Emirates,,784,C R,433,407,897,183,624,"1,084","2,751",0.0,0.0,0.0,0.0,0.0,0.0,0.0,-1.2,15.8,-31.8,24.5,11.0,23.3
105,Yemen,,887,CR,"41,534","53,453","61,956","82,735","192,649","277,039","280,656",34.9,39.2,42.7,48.1,66.8,72.9,72.8,5.0,3.0,5.8,16.9,7.3,0.3
106,CENTRAL AND SOUTHERN ASIA,,921,,"7,011,227","3,712,870","4,277,031","2,518,831","3,499,008","3,435,870","3,619,513",26.8,17.5,20.9,13.3,17.9,17.7,18.4,-12.7,2.8,-10.6,6.6,-0.4,1.3
107,Central Asia,,5500,,"3,000","55,538","101,526","67,968","12,892","3,707","4,235",0.0,0.9,2.0,1.3,0.2,0.1,0.1,58.4,12.1,-8.0,-33.2,-24.9,3.3
108,Kazakhstan,,398,B,..,"15,561","20,579","7,330","4,720",805,807,..,0.5,0.7,0.2,0.1,0.0,0.0,..,5.6,-20.6,-8.8,-35.4,0.1
109,Kyrgyzstan,,417,B,..,"13,407","10,995","3,096","3,012",512,430,..,2.6,2.8,1.0,1.3,0.3,0.2,..,-4.0,-25.3,-0.6,-35.4,-4.4
110,Tajikistan,,762,B,"3,000",620,"15,597","1,040","4,787","2,257","2,956",0.7,0.2,5.2,0.4,1.7,0.8,1.1,-31.5,64.5,-54.2,30.5,-15.0,6.7
111,Turkmenistan,,795,B,..,"23,323","14,757","11,965",62,26,22,..,8.5,6.7,5.6,0.0,0.0,0.0,..,-9.2,-4.2,-105.3,-17.4,-4.2
112,Uzbekistan,,860,B,..,"2,627","39,598","44,537",311,107,20,..,0.2,2.8,3.3,0.0,0.0,0.0,..,54.3,2.4,-99.3,-21.3,-41.9
113,Southern Asia,,5501,,"7,008,227","3,657,332","4,175,505","2,450,863","3,486,116","3,432,163","3,615,278",35.9,23.8,27.3,17.9,24.4,24.4,25.7,-13.0,2.7,-10.7,7.0,-0.3,1.3
114,Afghanistan,,4,B,25,"19,605",0,32,"6,434","407,953","76,146",0.0,27.4,0.0,0.0,6.3,83.3,50.8,133.3,..,..,106.1,83.0,-42.0
115,Bangladesh,,50,B R,73,"10,996","21,919","125,586","229,253","232,584","932,334",0.0,1.2,2.2,10.8,17.0,16.3,42.7,100.3,13.8,34.9,12.0,0.3,34.7
116,Bhutan,,64,B,0,0,0,0,0,0,0,0.0,0.0,0.0,0.0,0.0,0.0,0.0,..,..,..,..,..,..
117,India,,356,B R,"212,743","227,480","171,000","139,586","188,567","207,861","207,619",2.8,3.3,2.7,2.4,3.5,4.0,4.0,1.3,-5.7,-4.1,6.0,1.9,-0.0
118,Iran (Islamic Republic of),,364,B R,"3,512,201","2,071,988","1,851,844","974,302","1,073,366","982,085","979,519",81.8,70.5,66.0,37.9,38.9,36.0,36.5,-10.6,-2.2,-12.8,1.9,-1.8,-0.1
119,Maldives,,462,C,0,0,0,0,0,0,0,0.0,0.0,0.0,0.0,0.0,0.0,0.0,..,..,..,..,..,..
120,Nepal,,524,B R,"17,325","124,754","129,237","126,436","87,514","32,684","21,607",4.0,18.1,18.0,18.6,15.1,6.4,4.4,39.5,0.7,-0.4,-7.4,-19.7,-10.3
121,Pakistan,,586,B R,"3,265,845","1,202,493","2,001,466","1,084,694","1,900,621","1,567,604","1,396,619",52.6,32.8,47.9,34.2,48.2,44.7,42.9,-20.0,10.2,-12.3,11.2,-3.9,-2.9
122,Sri Lanka,,144,B R,15,16,39,227,361,"1,392","1,434",0.0,0.0,0.1,0.6,0.9,3.5,3.6,1.3,17.8,35.2,9.3,27.0,0.7
123,EASTERN AND SOUTH-EASTERN ASIA,,1832,,"460,736","466,010","612,677","465,074","497,535","628,284","644,936",6.7,5.6,5.8,3.6,3.2,3.5,3.5,0.2,5.5,-5.5,1.3,4.7,0.7
124,Eastern Asia,,906,,"302,759","300,610","298,488","300,444","304,809","326,732","367,613",7.6,6.5,5.5,4.8,4.3,4.3,4.5,-0.1,-0.1,0.1,0.3,1.4,2.9
125,China,9,156,C,"285,788","289,747","293,705","297,346","300,986","301,052","322,383",75.9,65.5,57.8,43.8,35.4,30.8,31.3,0.3,0.3,0.2,0.2,0.0,1.7
126,"China, Hong Kong SAR",10,344,B,"10,092","5,536",979,567,154,"2,448",103,0.5,0.2,0.0,0.0,0.0,0.1,0.0,-12.0,-34.6,-10.9,-26.1,55.3,-79.2
127,"China, Macao SAR",11,446,B,0,0,0,0,0,7,5,0.0,0.0,0.0,0.0,0.0,0.0,0.0,..,..,..,..,..,-8.4
128,Dem. People's Republic of Korea,,408,I,0,0,0,0,0,0,0,0.0,0.0,0.0,0.0,0.0,0.0,0.0,..,..,..,..,..,..
129,Japan,,392,C,"6,649","5,322","3,752","1,941","2,586","16,305","33,395",0.6,0.4,0.2,0.1,0.1,0.7,1.3,-4.5,-7.0,-13.2,5.7,36.8,17.9
130,Mongolia,,496,C,0,0,0,2,13,15,0,0.0,0.0,0.0,0.0,0.1,0.1,0.0,..,..,..,37.4,2.9,..
131,Republic of Korea,,410,C,230,5,52,588,"1,070","6,905","11,727",0.5,0.0,0.0,0.1,0.1,0.6,1.0,-76.6,46.8,48.5,12.0,37.3,13.2
132,South-Eastern Asia,,920,,"157,977","165,400","314,189","164,630","192,726","301,552","277,323",5.5,4.5,6.1,2.5,2.2,2.9,2.7,0.9,12.8,-12.9,3.2,9.0,-2.1
133,Brunei Darussalam,,96,B,0,0,0,0,0,0,0,0.0,0.0,0.0,0.0,0.0,0.0,0.0,..,..,..,..,..,..
134,Cambodia,,116,B,0,15,34,130,129,104,114,0.0,0.0,0.0,0.1,0.2,0.1,0.1,..,16.4,26.8,-0.2,-4.3,2.3
135,Indonesia,,360,B R,"2,138",202,"142,562",405,811,"13,548","13,789",0.5,0.1,48.8,0.1,0.3,4.0,3.9,-47.2,131.2,-117.3,13.9,56.3,0.4
136,Lao People's Democratic Republic,,418,C R,0,0,0,0,0,0,0,0.0,0.0,0.0,0.0,0.0,0.0,0.0,..,..,..,..,..,..
137,Malaysia,12,458,C R,"14,862","23,323","50,487","44,531","92,855","154,581","151,291",2.1,2.5,3.4,2.3,3.8,4.7,4.4,9.0,15.4,-2.5,14.7,10.2,-0.5
138,Myanmar,,104,C,0,0,0,0,0,1,0,0.0,0.0,0.0,0.0,0.0,0.0,0.0,..,..,..,..,..,..
139,Philippines,,608,C R,"19,860",783,196,138,316,479,672,12.9,0.4,0.1,0.1,0.2,0.2,0.3,-64.7,-27.7,-7.0,16.6,8.3,8.5
140,Singapore,,702,B,146,112,0,3,7,1,0,0.0,0.0,0.0,0.0,0.0,0.0,0.0,-5.3,..,..,16.9,-38.9,..
141,Thailand,,764,B R,"99,821","106,565","104,965","117,053","96,675","132,838","111,457",18.9,13.2,8.3,5.4,3.0,3.8,3.1,1.3,-0.3,2.2,-3.8,6.4,-4.4
142,Timor-Leste,,626,B,..,..,..,13,5,0,0,..,..,..,0.1,0.0,0.0,0.0,..,..,..,-19.1,..,..
143,Viet Nam,,704,C R,"21,150","34,400","15,945","2,357","1,928",0,0,75.2,67.1,28.1,4.6,3.1,0.0,0.0,9.7,-15.4,-38.2,-4.0,..,..
144,LATIN AMERICA AND THE CARIBBEAN,,1830,,"1,197,274","352,309","44,176","53,436","394,300","415,459","607,263",16.7,5.3,0.7,0.7,4.8,4.4,5.2,-24.5,-41.5,3.8,40.0,1.0,9.5
145,Caribbean,,915,,"6,632","3,532","1,612","1,370","3,566","3,513","12,138",0.6,0.3,0.1,0.1,0.3,0.2,0.8,-12.6,-15.7,-3.3,19.1,-0.3,31.0
146,Anguilla,,660,B,0,0,0,0,0,0,1,0.0,0.0,0.0,0.0,0.0,0.0,0.0,..,..,..,..,..,..
147,Antigua and Barbuda,,28,B,0,0,0,0,0,16,2,0.0,0.0,0.0,0.0,0.0,0.1,0.0,..,..,..,..,..,-52.0
148,Aruba,,533,B,0,0,0,0,0,2,17,0.0,0.0,0.0,0.0,0.0,0.0,0.0,..,..,..,..,..,53.5
149,Bahamas,,44,B,0,50,100,64,28,94,18,0.0,0.2,0.3,0.1,0.1,0.2,0.0,..,13.9,-8.9,-16.5,24.2,-41.3
150,Barbados,,52,B,0,0,0,0,0,0,0,0.0,0.0,0.0,0.0,0.0,0.0,0.0,..,..,..,..,..,..
151,British Virgin Islands,,92,B,0,0,0,1,2,0,0,0.0,0.0,0.0,0.0,0.0,0.0,0.0,..,..,..,13.9,..,..
152,"Bonaire, Sint Eustatius and Saba",13,535,B,0,0,0,0,0,0,0,0.0,0.0,0.0,0.0,0.0,0.0,0.0,..,..,..,..,..,..
153,Cayman Islands,,136,C,0,0,0,1,1,19,55,0.0,0.0,0.0,0.0,0.0,0.1,0.2,..,..,..,0.0,58.9,26.6
154,Cuba,,192,B,"3,989","2,475",961,686,411,328,347,11.5,9.5,5.4,5.7,6.2,6.2,7.1,-9.5,-18.9,-6.7,-10.2,-4.5,1.4
155,Curaçao,,531,B,..,..,..,..,6,78,803,..,..,..,..,0.0,0.2,2.0,..,..,..,..,51.3,58.3
156,Dominica,,212,B,0,0,0,0,"2,345","1,373","1,424",0.0,0.0,0.0,0.0,28.9,17.0,17.2,..,..,..,..,-10.7,0.9
157,Dominican Republic,,214,B,"2,643",985,510,584,599,"1,373","1,450",0.9,0.3,0.1,0.2,0.2,0.2,0.3,-19.7,-13.2,2.7,0.5,16.6,1.4
158,Grenada,,308,B,0,0,0,0,0,0,0,0.0,0.0,0.0,0.0,0.0,0.0,0.0,..,..,..,..,..,..
159,Guadeloupe,14,312,B,0,0,0,0,0,0,0,0.0,0.0,0.0,0.0,0.0,0.0,0.0,..,..,..,..,..,..
160,Haiti,,332,B,0,0,0,0,0,3,3,0.0,0.0,0.0,0.0,0.0,0.0,0.0,..,..,..,..,..,0.0
161,Jamaica,,388,B,0,19,38,30,21,19,16,0.0,0.1,0.2,0.1,0.1,0.1,0.1,..,13.9,-4.7,-7.1,-2.0,-4.3
162,Martinique,,474,B,0,0,0,0,0,0,0,0.0,0.0,0.0,0.0,0.0,0.0,0.0,..,..,..,..,..,..
163,Montserrat,,500,B,0,0,0,0,14,0,0,0.0,0.0,0.0,0.0,1.1,0.0,0.0,..,..,..,..,..,..
164,Puerto Rico,,630,B,0,0,0,0,0,0,0,0.0,0.0,0.0,0.0,0.0,0.0,0.0,..,..,..,..,..,..
165,Saint Kitts and Nevis,,659,B,0,0,0,0,0,0,0,0.0,0.0,0.0,0.0,0.0,0.0,0.0,..,..,..,..,..,..
166,Saint Lucia,,662,B,0,3,3,3,7,2,0,0.0,0.0,0.0,0.0,0.1,0.0,0.0,..,0.0,0.0,16.9,-25.1,..
167,Saint Vincent and the Grenadines,,670,B,0,0,0,0,0,0,0,0.0,0.0,0.0,0.0,0.0,0.0,0.0,..,..,..,..,..,..
168,Sint Maarten (Dutch part),,534,B,..,..,..,1,1,11,8,..,..,..,0.0,0.0,0.0,0.0,..,..,..,0.0,48.0,-8.0
169,Trinidad and Tobago,,780,B,0,0,0,0,131,195,"7,994",0.0,0.0,0.0,0.0,0.3,0.4,13.5,..,..,..,..,8.0,92.8
170,Turks and Caicos Islands,,796,B,0,0,0,0,0,0,0,0.0,0.0,0.0,0.0,0.0,0.0,0.0,..,..,..,..,..,..
171,United States Virgin Islands,,850,B,0,0,0,0,0,0,0,0.0,0.0,0.0,0.0,0.0,0.0,0.0,..,..,..,..,..,..
172,Central America,,916,,"1,162,216","313,977","37,295","26,083","38,361","51,728","45,366",63.5,24.2,3.4,1.9,2.2,2.8,2.4,-26.2,-42.6,-7.2,7.7,6.0,-3.3
173,Belize,,84,B R ,"30,404","8,750","9,812",624,134,814,"3,126",100.0,26.2,26.9,1.5,0.3,1.5,5.2,-24.9,2.3,-55.1,-30.8,36.1,33.6
174,Costa Rica,,188,B R,"277,505","24,226","6,608","11,253","19,505","6,899","11,944",66.4,6.7,2.1,3.1,4.8,1.7,2.9,-48.8,-26.0,10.6,11.0,-20.8,13.7
175,El Salvador,,222,B R,"20,515","10,279",42,40,38,35,30,43.3,26.0,0.1,0.1,0.1,0.1,0.1,-13.8,-110.0,-1.0,-1.0,-1.6,-3.9
176,Guatemala,,320,B R,"223,239","111,983",726,432,138,"3,851",388,84.5,71.7,1.5,0.8,0.2,4.9,0.5,-13.8,-100.8,-10.4,-22.8,66.6,-57.4
177,Honduras,,340,B R,"237,144","118,578",11,13,14,26,28,87.7,79.3,0.0,0.0,0.1,0.1,0.1,-13.9,-185.7,3.3,1.5,12.4,1.9
178,Mexico,,484,B R,"356,454","38,717","18,451","3,229","1,395","19,385","19,385",51.2,8.4,3.4,0.5,0.1,1.9,1.8,-44.4,-14.8,-34.9,-16.8,52.6,0.0
179,Nicaragua,,558,B R,"15,605",577,332,227,64,462,736,37.7,2.2,1.1,0.7,0.2,1.1,1.7,-66.0,-11.1,-7.6,-25.3,39.5,11.6
180,Panama,,591,B,"1,350",867,"1,313","10,265","17,073","20,256","9,729",2.2,1.2,1.6,8.7,10.9,11.0,5.3,-8.9,8.3,41.1,10.2,3.4,-18.3
181,South America,,931,,"28,426","34,800","5,269","25,983","352,373","360,218","549,759",0.7,0.8,0.1,0.6,6.8,5.9,6.7,4.0,-37.8,31.9,52.1,0.4,10.6
182,Argentina,,32,B,"12,185","7,278","2,371","2,824","4,223","4,285","7,515",0.7,0.5,0.2,0.2,0.2,0.2,0.3,-10.3,-22.4,3.5,8.0,0.3,14.0
183,Bolivia (Plurinational State of),,68,B,235,685,354,538,736,756,775,0.3,0.8,0.4,0.5,0.6,0.5,0.5,21.4,-13.2,8.4,6.3,0.5,0.6
184,Brazil,,76,B,"5,333","19,605",0,"3,653","5,157","35,786","96,010",0.7,2.6,0.0,0.6,0.9,5.0,11.9,26.0,..,..,6.9,38.7,24.7
185,Chile,,152,B,179,262,344,983,"1,621","2,913","10,346",0.2,0.2,0.2,0.4,0.4,0.5,1.1,7.6,5.4,21.0,10.0,11.7,31.7
186,Colombia,,170,B,580,408,235,224,212,"6,899","8,390",0.6,0.4,0.2,0.2,0.2,5.0,0.7,-7.0,-11.0,-1.0,-1.1,69.7,4.9
187,Ecuador,,218,B R,634,796,958,"10,063","121,249","133,118","104,185",0.8,0.7,0.6,5.4,37.3,34.4,27.3,4.6,3.7,47.0,49.8,1.9,-6.1
188,Falkland Islands (Malvinas),15,238,B,0,0,0,0,0,0,0,0.0,0.0,0.0,0.0,0.0,0.0,0.0,..,..,..,..,..,..
189,French Guiana,,254,B,"6,601","3,301",0,0,0,0,0,10.4,4.7,0.0,0.0,0.0,0.0,0.0,-13.9,..,..,..,..,..
190,Guyana,,328,B,0,0,0,4,7,11,7,0.0,0.0,0.0,0.0,0.1,0.1,0.0,..,..,..,11.2,9.0,-11.3
191,Paraguay,,600,B,66,60,23,58,115,209,256,0.0,0.0,0.0,0.0,0.1,0.1,0.2,-1.9,-19.2,18.5,13.7,11.9,5.1
192,Peru,,604,B,724,610,694,"1,184","1,410","1,867","196,133",1.3,1.1,1.0,1.5,1.3,1.2,25.1,-3.4,2.6,10.7,3.5,5.6,116.4
193,Suriname,,740,C,52,50,1,2,8,5,91,0.3,0.2,0.0,0.0,0.0,0.0,0.2,-0.8,-78.2,13.9,27.7,-9.4,72.5
194,Uruguay,,858,B,87,132,82,130,229,380,"2,373",0.1,0.1,0.1,0.2,0.3,0.5,2.9,8.3,-9.5,9.2,11.3,10.1,45.8
195,Venezuela (Bolivarian Republic of),,862,B,"1,750","1,613",207,"6,320","217,406","173,989","123,678",0.2,0.2,0.0,0.6,16.1,12.4,9.0,-1.6,-41.1,68.4,70.8,-4.5,-8.5
199,OCEANIA,,909,,"110,670","92,440","83,235","82,168","37,794","60,487","109,308",2.3,1.8,1.6,1.4,0.5,0.7,1.2,-3.6,-2.1,-0.3,-15.5,9.4,14.8
196,Australia / New Zealand,,927,,"102,581","82,839","76,169","72,029","27,812","49,627","98,172",2.3,1.7,1.5,1.3,0.4,0.6,1.1,-4.3,-1.7,-1.1,-19.0,11.6,17.1
197,Australia,16,36,B,"97,915","79,081","71,246","66,722","25,505","48,005","96,295",2.5,1.9,1.6,1.4,0.4,0.7,1.3,-4.3,-2.1,-1.3,-19.2,12.6,17.4
198,New Zealand,,554,B,"4,666","3,758","4,923","5,307","2,307","1,622","1,877",0.9,0.6,0.7,0.6,0.2,0.2,0.2,-4.3,5.4,1.5,-16.7,-7.0,3.7
200,Melanesia,,928,,"8,089","9,601","7,066","10,139","9,704","9,980","10,041",8.9,9.9,7.4,9.7,8.8,8.4,8.1,3.4,-6.1,7.2,-0.9,0.6,0.2
201,Fiji,,242,B,0,0,0,1,1,20,19,0.0,0.0,0.0,0.0,0.0,0.1,0.1,..,..,..,0.0,59.9,-1.3
202,New Caledonia,,540,B,0,0,0,0,0,0,0,0.0,0.0,0.0,0.0,0.0,0.0,0.0,..,..,..,..,..,..
203,Papua New Guinea,,598,C R,"8,089","9,601","7,066","10,138","9,699","9,955","10,018",24.0,28.6,26.9,33.7,31.9,32.2,32.1,3.4,-6.1,7.2,-0.9,0.5,0.2
204,Solomon Islands,,90,B,0,0,0,0,0,3,3,0.0,0.0,0.0,0.0,0.0,0.1,0.1,..,..,..,..,..,0.0
205,Vanuatu,,548,B,0,0,0,0,4,2,1,0.0,0.0,0.0,0.0,0.1,0.1,0.0,..,..,..,..,-13.9,-17.3
206,Micronesia,,954,,0,0,0,0,278,880,"1,092",0.0,0.0,0.0,0.0,0.2,0.8,0.9,..,..,..,..,23.0,5.4
207,Guam,,316,B,0,0,0,0,0,0,0,0.0,0.0,0.0,0.0,0.0,0.0,0.0,..,..,..,..,..,..
208,Kiribati,,296,B,0,0,0,0,0,0,0,0.0,0.0,0.0,0.0,0.0,0.0,0.0,..,..,..,..,..,..
209,Marshall Islands,,584,B,0,0,0,0,0,0,0,0.0,0.0,0.0,0.0,0.0,0.0,0.0,..,..,..,..,..,..
210,Micronesia (Fed. States of),,583,B,0,0,0,0,1,14,0,0.0,0.0,0.0,0.0,0.0,0.5,0.0,..,..,..,..,52.8,..
211,Nauru,,520,C,0,0,0,0,277,865,"1,092",0.0,0.0,0.0,0.0,23.4,45.8,51.7,..,..,..,..,22.8,5.8
212,Northern Mariana Islands,,580,B,0,0,0,0,0,0,0,0.0,0.0,0.0,0.0,0.0,0.0,0.0,..,..,..,..,..,..
213,Palau,,585,B,0,0,0,0,0,1,0,0.0,0.0,0.0,0.0,0.0,0.0,0.0,..,..,..,..,..,..
214,Polynesia,17,957,,0,0,0,0,0,0,3,0.0,0.0,0.0,0.0,0.0,0.0,0.0,..,..,..,..,..,..
215,American Samoa,,16,B,0,0,0,0,0,0,0,0.0,0.0,0.0,0.0,0.0,0.0,0.0,..,..,..,..,..,..
216,Cook Islands,,184,B,0,0,0,0,0,0,0,0.0,0.0,0.0,0.0,0.0,0.0,0.0,..,..,..,..,..,..
217,French Polynesia,,258,B,0,0,0,0,0,0,0,0.0,0.0,0.0,0.0,0.0,0.0,0.0,..,..,..,..,..,..
218,Niue,,570,B,0,0,0,0,0,0,0,0.0,0.0,0.0,0.0,0.0,0.0,0.0,..,..,..,..,..,..
219,Samoa,,882,B,0,0,0,0,0,0,3,0.0,0.0,0.0,0.0,0.0,0.0,0.1,..,..,..,..,..,..
220,Tokelau,,772,B,0,0,0,0,0,0,0,0.0,0.0,0.0,0.0,0.0,0.0,0.0,..,..,..,..,..,..
221,Tonga,,776,B,0,0,0,0,0,0,0,0.0,0.0,0.0,0.0,0.0,0.0,0.0,..,..,..,..,..,..
222,Tuvalu,,798,C,0,0,0,0,0,0,0,0.0,0.0,0.0,0.0,0.0,0.0,0.0,..,..,..,..,..,..
223,Wallis and Futuna Islands,,876,B,0,0,0,0,0,0,0,0.0,0.0,0.0,0.0,0.0,0.0,0.0,..,..,..,..,..,..
224,EUROPE AND NORTHERN AMERICA,,1829,,"1,933,520","3,792,129","3,492,605","2,558,595","2,176,698","3,535,382","4,682,013",2.5,4.4,3.6,2.3,1.8,2.7,3.3,13.5,-1.6,-6.2,-3.2,9.7,7.0
225,EUROPE,,917,,"1,323,376","3,016,710","2,472,899","1,862,341","1,750,314","2,820,482","3,595,669",2.7,5.6,4.3,2.9,2.5,3.8,4.4,16.5,-4.0,-5.7,-1.2,9.5,6.1
226,Eastern Europe,,923,,"45,774","52,683","45,370","34,195","48,262","421,850","194,230",0.2,0.2,0.2,0.2,0.3,2.1,1.0,2.8,-3.0,-5.7,6.9,43.4,-19.4
227,Belarus,,112,B,..,"28,988",869,781,655,"2,088","2,408",..,2.4,0.1,0.1,0.1,0.2,0.2,..,-70.1,-2.1,-3.5,23.2,3.6
228,Bulgaria,,100,B,0,"1,320","2,790","5,218","6,942","26,056","21,818",0.0,4.1,6.4,8.5,9.1,21.0,12.9,..,15.0,12.5,5.7,26.5,-4.4
229,Czechia,,203,C,..,"2,655","1,209","1,829","2,449","4,303","4,455",..,1.6,0.5,0.6,0.6,1.0,0.9,..,-15.7,8.3,5.8,11.3,0.9
230,Hungary,,348,B R,"45,123","11,394","6,698","8,730","5,781","41,086","6,272",13.0,3.5,2.3,2.4,1.3,8.6,1.2,-27.5,-10.6,5.3,-8.2,39.2,-47.0
231,Poland,,616,B,0,600,"1,020","6,231","17,681","17,368","15,037",0.0,0.1,0.1,0.9,2.8,2.8,2.3,..,10.6,36.2,20.9,-0.4,-3.6
232,Republic of Moldova,18,498,B,..,0,266,232,229,556,423,..,0.0,0.1,0.1,0.2,0.5,0.4,..,..,-2.7,-0.3,17.7,-6.8
233,Romania,,642,B,651,194,"1,685","2,320","1,409","3,030","5,370",0.5,0.1,1.3,1.6,0.8,1.1,1.2,-24.2,43.2,6.4,-10.0,15.3,14.3
234,Russian Federation,,643,B,..,0,"26,956","1,815","6,385","316,595","128,139",..,0.0,0.2,0.0,0.1,2.7,1.1,..,..,-54.0,25.2,78.1,-22.6
235,Slovakia,,703,B,..,"2,339",846,"3,075",728,993,913,..,3.4,0.7,2.4,0.5,0.6,0.5,..,-20.3,25.8,-28.8,6.2,-2.1
236,Ukraine,19,804,B,..,"5,193","3,031","3,964","6,003","9,775","9,395",..,0.1,0.1,0.1,0.1,0.2,0.2,..,-10.8,5.4,8.3,9.8,-1.0
237,Northern Europe,,924,,"207,043","396,827","499,978","501,986","434,022","651,984","596,732",3.1,5.5,6.3,5.2,3.8,4.9,4.0,13.0,4.6,0.1,-2.9,8.1,-2.2
238,Channel Islands,20,830,B,0,0,0,0,0,0,0,0.0,0.0,0.0,0.0,0.0,0.0,0.0,..,..,..,..,..,..
239,Denmark,,208,B,"31,827","50,924","70,021","43,972","17,922","42,260","39,937",13.5,16.8,18.9,10.0,3.6,7.1,5.5,9.4,6.4,-9.3,-18.0,17.2,-1.4
240,Estonia,,233,B,..,1,2,21,39,254,455,..,0.0,0.0,0.0,0.0,0.1,0.2,..,13.9,47.0,12.4,37.5,14.6
241,Faroe Islands,,234,B,0,0,0,0,0,0,0,0.0,0.0,0.0,0.0,0.0,0.0,0.0,..,..,..,..,..,..
242,Finland,21,246,B,"2,174","7,624","13,073","10,899","8,724","37,069","23,955",3.4,7.6,9.6,5.7,3.8,11.8,6.3,25.1,10.8,-3.6,-4.5,28.9,-10.9
243,Iceland,,352,B,43,146,249,166,83,340,719,0.4,1.1,1.6,0.7,0.2,0.9,1.4,24.4,10.7,-8.1,-13.9,28.2,18.7
244,Ireland,,372,B,360,400,"14,610","9,527","14,236","11,180","12,314",0.2,0.2,4.2,1.6,1.9,1.5,1.5,2.1,72.0,-8.6,8.0,-4.8,2.4
245,Isle of Man,,833,B,0,0,0,0,0,0,0,0.0,0.0,0.0,0.0,0.0,0.0,0.0,..,..,..,..,..,..
246,Latvia,,428,B,..,4,7,38,68,387,725,..,0.0,0.0,0.0,0.0,0.1,0.3,..,11.2,33.8,11.6,34.8,15.7
247,Lithuania,,440,B,..,0,55,531,803,"1,175","1,863",..,0.0,0.0,0.3,0.5,0.9,1.6,..,..,45.3,8.3,7.6,11.5
248,Norway,22,578,B,"19,581","47,607","47,693","43,034","52,733","75,705","62,083",10.2,20.4,16.3,11.9,10.0,10.1,7.2,17.8,0.0,-2.1,4.1,7.2,-5.0
249,Sweden,,752,B,"109,663","199,212","168,020","90,617","101,264","326,566","292,479",13.9,21.3,16.7,8.0,7.3,19.5,14.6,11.9,-3.4,-12.3,2.2,23.4,-2.8
250,United Kingdom,,826,B,"43,395","90,909","186,248","303,181","238,150","157,048","162,202",1.2,2.2,3.9,5.1,3.3,1.9,1.7,14.8,14.3,9.7,-4.8,-8.3,0.8
251,Southern Europe,,925,,"33,975","905,781","589,293","203,939","223,940","301,408","542,138",0.8,14.5,7.7,1.7,1.4,1.9,3.3,65.7,-8.6,-21.2,1.9,5.9,14.7
252,Albania,,8,B,"3,000","4,720",528,91,99,934,163,4.5,6.6,0.7,0.1,0.2,1.8,0.3,9.1,-43.8,-35.2,1.7,44.9,-43.6
253,Andorra,,20,C,0,0,0,0,0,0,0,0.0,0.0,0.0,0.0,0.0,0.0,0.0,..,..,..,..,..,..
254,Bosnia and Herzegovina,,70,I R,..,..,"38,152","10,768","7,016","6,798","5,423",..,..,46.0,22.8,18.1,17.6,15.2,..,..,-25.3,-8.6,-0.6,-5.6
255,Croatia,,191,B R,..,"198,647","22,437","2,927",863,575,832,..,29.5,3.8,0.5,0.2,0.1,0.2,..,-43.6,-40.7,-24.4,-8.1,9.2
256,Gibraltar,,292,B,0,0,0,0,0,0,0,0.0,0.0,0.0,0.0,0.0,0.0,0.0,..,..,..,..,..,..
257,Greece,,300,B,"8,488","4,428","9,032","11,257","57,168","50,979","83,110",1.4,0.5,0.8,0.9,4.3,4.1,6.9,-13.0,14.3,4.4,32.5,-2.3,12.2
258,Holy See,23,336,I,0,0,0,0,0,0,0,0.0,0.0,0.0,0.0,0.0,0.0,0.0,..,..,..,..,..,..
259,Italy,,380,B,"12,379","9,408","6,437","20,675","56,397","177,193","354,698",0.9,0.5,0.3,0.5,1.0,3.1,5.7,-5.5,-7.6,23.3,20.1,22.9,17.4
260,Malta,,470,B,0,416,190,"1,939","6,136","7,665","9,273",0.0,2.3,0.9,7.9,18.6,14.6,10.9,..,-15.7,46.5,23.0,4.4,4.8
261,Montenegro,,499,B,..,..,..,..,"16,369","1,791",952,..,..,..,..,20.8,2.5,1.3,..,..,..,..,-44.3,-15.8
262,North Macedonia,,807,B,0,"9,048","9,051","1,997","1,559",718,425,0.0,8.3,7.2,1.6,1.2,0.5,0.3,..,0.0,-30.2,-5.0,-15.5,-13.1
263,Portugal,,620,B,867,248,433,363,384,"1,435","1,668",0.2,0.0,0.1,0.0,0.1,0.2,0.2,-25.0,11.1,-3.5,1.1,26.4,3.8
264,San Marino,,674,C,0,0,0,0,0,0,0,0.0,0.0,0.0,0.0,0.0,0.0,0.0,..,..,..,..,..,..
265,Serbia,24,688,B,938,"650,700","484,403","148,297","73,817","35,448","32,327",0.9,74.7,49.5,17.3,8.9,4.4,3.9,130.8,-5.9,-23.7,-14.0,-14.7,-2.3
266,Slovenia,,705,B,..,"22,314","11,643",251,312,395,835,..,12.8,5.4,0.1,0.1,0.2,0.3,..,-13.0,-76.7,4.4,4.7,18.7
267,Spain,25,724,B,"8,303","5,852","6,987","5,374","3,820","17,477","52,432",1.0,0.6,0.4,0.1,0.1,0.3,0.9,-7.0,3.5,-5.2,-6.8,30.4,27.5
268,Western Europe,,926,,"1,036,584","1,661,419","1,338,258","1,122,221","1,044,090","1,445,240","2,262,569",6.2,8.9,6.4,5.0,4.3,5.5,7.4,9.4,-4.3,-3.5,-1.4,6.5,11.2
269,Austria,,40,B,"37,172","42,980","48,787","45,709","42,630","78,947","171,567",4.7,4.8,4.9,4.0,3.3,5.3,9.6,2.9,2.5,-1.3,-1.4,12.3,19.4
270,Belgium,,56,B,"25,721","31,691","18,832","15,282","17,892","66,740","60,928",2.0,2.5,1.5,1.2,1.2,3.7,3.1,4.2,-10.4,-4.2,3.2,26.3,-2.3
271,France,,250,B,"193,000","155,245","132,508","178,595","249,263","336,183","400,228",3.3,2.6,2.1,2.7,3.4,4.3,4.8,-4.4,-3.2,6.0,6.7,6.0,4.4
272,Germany,,276,B,"722,250","1,267,900","906,000","700,016","594,269","736,740","1,399,669",12.2,17.0,10.1,7.4,6.1,7.2,10.7,11.3,-6.7,-5.2,-3.3,4.3,16.0
273,Liechtenstein,,438,B,0,0,70,150,92,247,255,0.0,0.0,0.5,0.8,0.4,1.0,1.0,..,..,15.2,-9.8,19.8,0.8
274,Luxembourg,,442,B,344,700,759,"1,822","3,254","3,727","3,541",0.3,0.6,0.5,1.2,2.0,1.5,1.2,14.2,1.6,17.5,11.6,2.7,-1.3
275,Monaco,,492,B,0,0,0,0,0,32,25,0.0,0.0,0.0,0.0,0.0,0.1,0.1,..,..,..,..,..,-6.2
276,Netherlands,,528,B,"17,154","79,960","146,180","118,189","74,961","116,587","109,678",1.5,5.9,9.4,6.8,4.1,5.8,4.8,30.8,12.1,-4.3,-9.1,8.8,-1.5
277,Switzerland,,756,B,"40,943","82,943","85,122","62,458","61,729","106,037","116,678",2.9,5.6,5.4,3.5,3.0,4.4,4.5,14.1,0.5,-6.2,-0.2,10.8,2.4
278,NORTHERN AMERICA,,918,,"610,144","775,419","1,019,706","696,254","426,384","714,900","1,086,344",2.2,2.3,2.5,1.5,0.8,1.3,1.9,4.8,5.5,-7.6,-9.8,10.3,10.5
279,Bermuda,,60,B,0,0,0,0,0,0,0,0.0,0.0,0.0,0.0,0.0,0.0,0.0,..,..,..,..,..,..
280,Canada,,124,B,"145,257","152,125","125,154","147,171","155,530","155,530","156,582",3.4,3.1,2.3,2.4,2.3,2.1,2.0,0.9,-3.9,3.2,1.1,0.0,0.2
281,Greenland,,304,B,0,0,0,0,0,0,0,0.0,0.0,0.0,0.0,0.0,0.0,0.0,..,..,..,..,..,..
282,Saint Pierre and Miquelon,,666,B,0,0,0,0,0,0,0,0.0,0.0,0.0,0.0,0.0,0.0,0.0,..,..,..,..,..,..
283,United States of America,,840,B,"464,887","623,294","894,552","549,083","270,854","559,370","929,762",2.0,2.2,2.6,1.4,0.6,1.2,1.8,5.9,7.2,-9.8,-14.1,14.5,12.7
,,,,,,,,,,,,,,,,,,,,,,,,